<?xml version="1.0" encoding="UTF-8"?>
<?xml-stylesheet type="text/css" href="xmlcss.css" ?>
<!DOCTYPE HTML>
<html>
<head>
<h1> STUDENTS DESCRIPTION </h1>
</head>
<students>
<student>
<USN>USN : 1KS18CS016</USN>
<name>NAME : CHANDAN KUMAR</name>
<college>COLLEGE : KSIT</college>
<branch>BRANCH : Computer Science and Engineering</branch>
<year>YEAR : 2021</year>
<e-mail>E-Mail : asdf@gmail.com</e-mail>
</student>
<student>
<USN>USN : 1KS18CS010</USN>
<name>NAME : BHAGWAT GOUTAM</name>
<college>COLLEGE : KSIT</college>
<branch>BRANCH : Computer Science and Engineering</branch>
<year>YEAR : 2021</year>
<e-mail>E-Mail : asdf@gmail.com</e-mail>
</student>
<student>
<USN>USN : 1KS18CS019</USN>
<name>NAME : DHRUV SHUKLA</name>
<college>COLLEGE : KSIT</college>
<branch>BRANCH : Computer Science and Engineering</branch>
<year>YEAR : 2021</year>
<e-mail>E-Mail : asdf@gmail.com</e-mail>
</student>
</students>

</html>
